{"cameraMode":{"drawMode":0,"name":"Shaded","section":"Shading Mode"},"sceneLighting":true,"audioPlay":false,"sceneViewState":{"showFog":true,"showMaterialUpdate":false,"showSkybox":true,"showFlares":true,"showImageEffects":true,"showParticleSystems":true},"in2DMode":false,"pivot":{"x":-1.0156161785125733,"y":-0.7711038589477539,"z":-1.7235174179077149},"rotation":{"x":0.29639098048210146,"y":-0.18472112715244294,"z":0.05853826925158501,"w":0.9352433681488037},"size":6.004395484924316,"orthographic":false}